{"N":19,"N_train":17,"N_test":2,"x":[2,3,4,5,6,7,8,9,10,11,12,13,14,15,16,17,18,19,20],"y":[1346,577,337,208,149,136,111,69,67,75,52,46,54,28,27,31,33,20,24],"batch_size":[1443,694,455,353,272,256,240,217,200,237,202,192,174,167,201,195,191,147,152],"likelihood":1,"ix_train":[2,3,4,5,6,7,8,9,11,12,13,14,15,16,17,18,19],"ix_test":[1,10],"r":0.06999999999999999,"R":0.17708333333333334,"overshot":1,"distance_tolerance":3}